<?xml version="1.0" encoding="UTF-8"?>
<!DOCTYPE generatorConfiguration
	PUBLIC "-//mybatis.org//DTD MyBatis Generator Configuration 1.0//EN"
	"http://mybatis.org/dtd/mybatis-generator-config_1_0.dtd">

<generatorConfiguration>

	<properties resource="jdbc.properties"/>

	<context id="MySQLTables" targetRuntime="MyBatis3">

		<property name="beginningDelimiter" value="`"/>
		<property name="endingDelimiter" value="`"/>

		<commentGenerator>
			<property name="suppressDate" value="true"/>
			<property name="suppressAllComments" value="true"/>
		</commentGenerator>

		<jdbcConnection driverClass="${jdbc.driverClass}"
		                connectionURL="${jdbc.url}"
		                userId="${jdbc.user}"
		                password="${jdbc.password}">
		</jdbcConnection>

		<javaTypeResolver>
			<property name="forceBigDecimals" value="false"/>
		</javaTypeResolver>

		<javaModelGenerator targetPackage="${targetModelPackage}" targetProject="${targetJavaProject}">
			<property name="enableSubPackages" value="true"/>
			<property name="trimStrings" value="false"/>
		</javaModelGenerator>

		<sqlMapGenerator targetPackage="${targetXMLPackage}" targetProject="${targetResourcesProject}">
			<property name="enableSubPackages" value="true"/>
		</sqlMapGenerator>

		<javaClientGenerator type="XMLMAPPER" targetPackage="${targetMapperPackage}" targetProject="${targetJavaProject}">
			<property name="enableSubPackages" value="true"/>
		</javaClientGenerator>

		<table tableName="admin" domainObjectName="Admin"
		       enableCountByExample="false"
		       enableDeleteByExample="false"
		       enableSelectByExample="false"
		       enableUpdateByExample="false">
			<property name="useActualColumnNames" value="false"/>
			<generatedKey column="id" sqlStatement="Mysql" identity="true"/>
		</table>

	</context>
</generatorConfiguration>