<beans xmlns:xsi="http://www.w3.org/2001/XMLSchema-instance"
       xmlns:context="http://www.springframework.org/schema/context"
       xmlns="http://www.springframework.org/schema/beans"
       xmlns:mvc="http://www.springframework.org/schema/mvc"
       xsi:schemaLocation="http://www.springframework.org/schema/beans
       http://www.springframework.org/schema/beans/spring-beans.xsd
       http://www.springframework.org/schema/context
       http://www.springframework.org/schema/context/spring-context.xsd
       http://www.springframework.org/schema/mvc
       http://www.springframework.org/schema/mvc/spring-mvc.xsd">

	<context:component-scan base-package="org.liangshishen.fms.controller"/>

	<mvc:resources mapping="/static/**" location="/static/"/>

	<mvc:annotation-driven/>

	<bean class="org.springframework.web.servlet.view.InternalResourceViewResolver">
		<property name="prefix" value="/WEB-INF/view/"/>
		<property name="suffix" value=".jsp"/>
	</bean>

	<bean id="exceptionResolver" class="org.liangshishen.fms.exception.MixedSimpleMappingExceptionResolver">
		<property name="exceptionMappings">
			<props>
				<prop key="org.liangshishen.fms.exception.BusinessException">error</prop>
				<prop key="java.lang.Exception">error</prop>
			</props>
		</property>
	</bean>

</beans>