<beans xmlns:xsi="http://www.w3.org/2001/XMLSchema-instance"
       xmlns:tx="http://www.springframework.org/schema/tx"
       xmlns:aop="http://www.springframework.org/schema/aop"
       xmlns:context="http://www.springframework.org/schema/context"
       xmlns="http://www.springframework.org/schema/beans"
       xsi:schemaLocation="http://www.springframework.org/schema/beans
       http://www.springframework.org/schema/beans/spring-beans.xsd
       http://www.springframework.org/schema/tx
       http://www.springframework.org/schema/tx/spring-tx.xsd
       http://www.springframework.org/schema/aop
       http://www.springframework.org/schema/aop/spring-aop.xsd
       http://www.springframework.org/schema/context
       http://www.springframework.org/schema/context/spring-context.xsd">

	<context:component-scan base-package="org.liangshishen.fms.service"/>

	<context:property-placeholder location="classpath*:jdbc.properties"/>

	<bean id="dataSource" class="com.alibaba.druid.pool.DruidDataSource" init-method="init" destroy-method="close">
		<property name="driverClassName" value="${jdbc.driverClass}"/>
		<property name="url" value="${jdbc.url}"/>
		<property name="username" value="${jdbc.user}"/>
		<property name="password" value="${jdbc.password}"/>

		<property name="filters" value="stat"/>

		<property name="maxActive" value="20"/>
		<property name="initialSize" value="1"/>
		<property name="maxWait" value="60000"/>
		<property name="minIdle" value="1"/>

		<property name="timeBetweenEvictionRunsMillis" value="60000"/>
		<property name="minEvictableIdleTimeMillis" value="300000"/>

		<property name="validationQuery" value="SELECT 'x'"/>
		<property name="testWhileIdle" value="true"/>
		<property name="testOnBorrow" value="false"/>
		<property name="testOnReturn" value="false"/>
	</bean>

	<bean id="sqlSessionFactory" class="org.mybatis.spring.SqlSessionFactoryBean">
		<property name="dataSource" ref="dataSource"/>
		<property name="mapperLocations" value="classpath*:mapper/**/*.xml"/>
		<property name="typeAliasesPackage" value="org.liangshishen.fms.model"/>
	</bean>

	<bean class="org.mybatis.spring.mapper.MapperScannerConfigurer">
		<property name="basePackage" value="org.liangshishen.fms.mapper"/>
	</bean>

	<bean id="sqlSessionTemplate" class="org.mybatis.spring.SqlSessionTemplate">
		<constructor-arg index="0" ref="sqlSessionFactory"/>
	</bean>

	<aop:aspectj-autoproxy/>

	<aop:config>
		<aop:pointcut id="appService" expression="execution(* org.liangshishen.fms.service.*Service*.*(..))"/>
		<aop:advisor advice-ref="txAdvice" pointcut-ref="appService"/>
	</aop:config>

	<tx:advice id="txAdvice" transaction-manager="transactionManager">
		<tx:attributes>
			<tx:method name="select*" read-only="true"/>
			<tx:method name="find*" read-only="true"/>
			<tx:method name="load*" read-only="true"/>
			<tx:method name="get*" read-only="true"/>
			<tx:method name="*"/>
		</tx:attributes>
	</tx:advice>

	<bean id="transactionManager" class="org.springframework.jdbc.datasource.DataSourceTransactionManager">
		<property name="dataSource" ref="dataSource"/>
	</bean>

</beans>