<?xml version="1.0" encoding="UTF-8"?>
<!DOCTYPE mapper PUBLIC "-//mybatis.org//DTD Mapper 3.0//EN" "http://mybatis.org/dtd/mybatis-3-mapper.dtd">
<mapper namespace="org.liangshishen.fms.mapper.AdminMapper">

	<resultMap id="baseResultMap" type="org.liangshishen.fms.model.Admin">
		<id column="id" jdbcType="INTEGER" property="id"/>
		<result column="username" jdbcType="VARCHAR" property="username"/>
		<result column="password" jdbcType="VARCHAR" property="password"/>
		<result column="name" jdbcType="VARCHAR" property="name"/>
		<result column="phone" jdbcType="VARCHAR" property="phone"/>
		<result column="email" jdbcType="VARCHAR" property="email"/>
		<result column="create_time" jdbcType="TIMESTAMP" property="createTime"/>
	</resultMap>

	<sql id="baseColumnList">
		id, username, password, name, phone, email, create_time
	</sql>

	<select id="selectByPrimaryKey" parameterType="java.lang.Integer" resultMap="baseResultMap">
		select
		<include refid="baseColumnList"/>
		from admin
		where id = #{id, jdbcType=INTEGER}
	</select>

	<delete id="deleteByPrimaryKey" parameterType="java.lang.Integer">
		delete from admin where id = #{id, jdbcType=INTEGER}
	</delete>

	<insert id="insert" parameterType="org.liangshishen.fms.model.Admin">
		insert into admin
			(username, password, name, phone, email, create_time)
		values
			(#{username, jdbcType=VARCHAR}, #{password, jdbcType=VARCHAR}, #{name, jdbcType=VARCHAR},
			#{phone, jdbcType=VARCHAR}, #{email, jdbcType=VARCHAR}, #{createTime, jdbcType=TIMESTAMP})
	</insert>

	<update id="updateByPrimaryKey" parameterType="org.liangshishen.fms.model.Admin">
		update admin set
			username = #{username, jdbcType=VARCHAR},
			password = #{password, jdbcType=VARCHAR},
			name = #{name, jdbcType=VARCHAR},
			phone = #{phone, jdbcType=VARCHAR},
			email = #{email, jdbcType=VARCHAR},
			create_time = #{createTime, jdbcType=TIMESTAMP}
		where id = #{id, jdbcType=INTEGER}
	</update>

	<select id="selectByUsername" parameterType="string" resultType="org.liangshishen.fms.model.Admin">
		select
		<include refid="baseColumnList"/>
		from admin
		where username = #{username, jdbcType=VARCHAR}
	</select>
</mapper>