<?xml version="1.0" encoding="UTF-8"?>
<!DOCTYPE mapper PUBLIC "-//mybatis.org//DTD Mapper 3.0//EN" "http://mybatis.org/dtd/mybatis-3-mapper.dtd">
<mapper namespace="org.liangshishen.fms.mapper.CostMapper">

	<resultMap id="baseResultMap" type="org.liangshishen.fms.model.Cost">
		<id column="id" jdbcType="INTEGER" property="id"/>
		<result column="name" jdbcType="VARCHAR" property="name"/>
		<result column="base_duration" jdbcType="INTEGER" property="baseDuration"/>
		<result column="base_cost" jdbcType="DOUBLE" property="baseCost"/>
		<result column="unit_cost" jdbcType="DOUBLE" property="unitCost"/>
		<result column="status" jdbcType="CHAR" property="status"/>
		<result column="descr" jdbcType="VARCHAR" property="descr"/>
		<result column="create_time" jdbcType="TIMESTAMP" property="createTime"/>
		<result column="start_time" jdbcType="TIMESTAMP" property="startTime"/>
		<result column="cost_type" jdbcType="CHAR" property="costType"/>
	</resultMap>

	<sql id="baseColumnList">
		id, name, base_duration, base_cost, unit_cost, status, descr, create_time, start_time, cost_type
	</sql>

	<select id="selectPager" parameterType="org.liangshishen.fms.param.QueryParam" resultMap="baseResultMap">
		SELECT
		<include refid="baseColumnList"/>
		FROM cost
		<if test="orderBy != null and orderBy != ''">
			ORDER BY ${orderBy}
		</if>
		LIMIT #{offset}, #{pageSize}
	</select>

	<select id="selectCount" resultType="int">
		SELECT count(id) FROM cost
	</select>

	<select id="selectByPrimaryKey" parameterType="java.lang.Integer" resultMap="baseResultMap">
		select
		<include refid="baseColumnList"/>
		from cost
		where id = #{id, jdbcType=INTEGER}
	</select>

	<delete id="deleteByPrimaryKey" parameterType="java.lang.Integer">
		delete from cost where id = #{id, jdbcType=INTEGER}
	</delete>

	<insert id="insert" parameterType="org.liangshishen.fms.model.Cost">
		insert into cost
			(name, base_duration, base_cost, unit_cost, status, descr, create_time, start_time, cost_type)
		values
			(#{name, jdbcType=VARCHAR}, #{baseDuration, jdbcType=INTEGER}, #{baseCost, jdbcType=DOUBLE},
			#{unitCost, jdbcType=DOUBLE}, #{status, jdbcType=CHAR}, #{descr, jdbcType=VARCHAR},
			#{createTime, jdbcType=TIMESTAMP}, #{startTime, jdbcType=TIMESTAMP}, #{costType, jdbcType=CHAR})
	</insert>

	<update id="updateByPrimaryKey" parameterType="org.liangshishen.fms.model.Cost">
		update cost set
			name = #{name,jdbcType=VARCHAR},
			base_duration = #{baseDuration, jdbcType=INTEGER},
			base_cost = #{baseCost, jdbcType=DOUBLE},
			unit_cost = #{unitCost, jdbcType=DOUBLE},
			status = #{status, jdbcType=CHAR},
			descr = #{descr, jdbcType=VARCHAR},
			create_time = #{createTime, jdbcType=TIMESTAMP},
			start_time = #{startTime, jdbcType=TIMESTAMP},
			cost_type = #{costType, jdbcType=CHAR}
		where id = #{id, jdbcType=INTEGER}
	</update>

	<update id="updateStatus" parameterType="org.liangshishen.fms.model.Cost">
		update cost set
		<if test="startTime != null">
			start_time = #{startTime},
		</if>
		status = #{status}
		where id = #{id}
	</update>

</mapper>